"geocode","geoname","geoname_af","geoname_ar"
"AF","Afghanistan","Afganistan","أفغانستان"
"AL","Albania","Albanië","ألبانيا"
"DZ","Algeria","Algerië","الجزائر"
"AS","American Samoa","Amerikaans-Samoa","ساموا الأمريكية"
"AD","Andorra","Andorra","أندورا"
"AO","Angola","Angola","أنغولا"
"AI","Anguilla","Anguilla","أنغويلا"
"AQ","Antarctica","Antarktika","أنتاركتيكا"
"AG","Antigua and Barbuda","Antigua en Barbuda","أنتيغوا وبربودا"
"AR","Argentina","Argentinië","الأرجنتين"
"AM","Armenia","Armenië","أرمينيا"
"AW","Aruba","Aruba","آروبا"
"AU","Australia","Australië","أستراليا"
"AT","Austria","Oostenryk","النمسا"
"AZ","Azerbaijan","Azerbeidjan","أذربيجان"
"BS","Bahamas","Bahamas","الباهاما"
"BH","Bahrain","Bahrein","البحرين"
"BD","Bangladesh","Bangladesj","بنجلاديش"
"BB","Barbados","Barbados","بربادوس"
"BY","Belarus","Wit-Rusland","روسيا البيضاء"
"BE","Belgium","België","بلجيكا"
"BZ","Belize","Belize","بليز"
"BJ","Benin","Benin","بنين"
"BM","Bermuda","Bermuda","برمودا"
"BT","Bhutan","Bhoetan","بوتان"
"BO","Bolivia","Bolivië","بوليفيا"
"BA","Bosnia and Herzegovina","Bosnië en Herzegowina","البوسنة والهرسك"
"BW","Botswana","Botswana","بتسوانا"
"BV","Bouvet Island","Bouveteiland","جزيرة بوفيه"
"BR","Brazil","Brasilië","البرازيل"
"IO","British Indian Ocean Territory","Britse Indiese Oseaangebied","الإقليم البريطاني في المحيط الهندي"
"VG","British Virgin Islands","Britse Maagde-eilande","جزر فرجين البريطانية"
"BN","Brunei","Broenei","بروناي"
"BG","Bulgaria","Bulgarye","بلغاريا"
"BF","Burkina Faso","Burkina Faso","بوركينا فاسو"
"BI","Burundi","Burundi","بوروندي"
"KH","Cambodia","Kambodja","كمبوديا"
"CM","Cameroon","Kameroen","الكاميرون"
"CA","Canada","Kanada","كندا"
"CV","Cape Verde","Kaap Verde","الرأس الأخضر"
"KY","Cayman Islands","Kaaimanseilande","جزر الكايمن"
"CF","Central African Republic","Sentraal-Afrikaanse Republiek","جمهورية أفريقيا الوسطى"
"TD","Chad","Tsjad","تشاد"
"CL","Chile","Chili","شيلي"
"CN","China","Sjina","الصين"
"CX","Christmas Island","Kerseiland","جزيرة الكريسماس"
"CC","Cocos (Keeling) Islands","Cocos- (Keeling) eilande","جزر كوكوس"
"CO","Colombia","Colombië","كولومبيا"
"KM","Comoros","Comore","جزر القمر"
"CD","Congo (DRC)","Demokratiese Republiek van die Kongo","الكونغو - كينشاسا"
"CG","Congo (Republic)","Kongo","الكونغو - برازافيل"
"CK","Cook Islands","Cookeilande","جزر كوك"
"CR","Costa Rica","Costa Rica","كوستاريكا"
"CI","Côte d’Ivoire","Ivoorkus","ساحل العاج"
"HR","Croatia","Kroasië","كرواتيا"
"CU","Cuba","Kuba","كوبا"
"CY","Cyprus","Siprus","قبرص"
"CZ","Czech Republic","Tjeggiese Republiek","جمهورية التشيك"
"DK","Denmark","Denemarke","الدانمرك"
"DJ","Djibouti","Djiboeti","جيبوتي"
"DM","Dominica","Dominica","دومينيكا"
"DO","Dominican Republic","Dominikaanse Republiek","جمهورية الدومينيك"
"EC","Ecuador","Ecuador","الإكوادور"
"EG","Egypt","Egipte","مصر"
"SV","El Salvador","El Salvador","السلفادور"
"GQ","Equatorial Guinea","Ekwatoriaal-Guinee","غينيا الإستوائية"
"ER","Eritrea","Eritrea","أريتريا"
"EE","Estonia","Estland","أستونيا"
"ET","Ethiopia","Ethiopië","إثيوبيا"
"FK","Falkland Islands (Islas Malvinas)","Falklandeilande","جزر فوكلاند"
"FO","Faroe Islands","Faroëreilande","جزر فارو"
"FJ","Fiji","Fidji","فيجي"
"FI","Finland","Finland","فنلندا"
"FR","France","Frankryk","فرنسا"
"GF","French Guiana","Frans-Guyana","غويانا الفرنسية"
"PF","French Polynesia","Frans-Polinesië","بولينيزيا الفرنسية"
"TF","French Southern Territories","Franse Suidelike Gebiede","المقاطعات الجنوبية الفرنسية"
"GA","Gabon","Gaboen","الجابون"
"GM","Gambia","Gambië","غامبيا"
"GE","Georgia","Georgië","جورجيا"
"DE","Germany","Duitsland","ألمانيا"
"GH","Ghana","Ghana","غانا"
"GI","Gibraltar","Gibraltar","جبل طارق"
"GR","Greece","Griekeland","اليونان"
"GL","Greenland","Groenland","غرينلاند"
"GD","Grenada","Grenada","غرينادا"
"GP","Guadeloupe","Guadeloupe","جوادلوب"
"GU","Guam","Guam","غوام"
"GT","Guatemala","Guatemala","غواتيمالا"
"GN","Guinea","Guinee","غينيا"
"GW","Guinea-Bissau","Guinee-Bissau","غينيا بيساو"
"GY","Guyana","Guyana","غيانا"
"HT","Haiti","Haïti","هايتي"
"HM","Heard & McDonald Islands","Heard- en McDonaldeilande","جزيرة هيرد وجزر ماكدونالد"
"HN","Honduras","Honduras","هندوراس"
"HK","Hong Kong","Hongkong","هونغ كونغ"
"HU","Hungary","Hongarye","هنغاريا"
"IS","Iceland","Ysland","أيسلندا"
"IN","India","Indië","الهند"
"ID","Indonesia","Indonesië","أندونيسيا"
"IR","Iran","Iran","إيران"
"IQ","Iraq","Irak","العراق"
"IE","Ireland","Ierland","أيرلندا"
"IL","Israel","Israel","إسرائيل"
"IT","Italy","Italië","إيطاليا"
"JM","Jamaica","Jamaika","جامايكا"
"JP","Japan","Japan","اليابان"
"JO","Jordan","Jordanië","الأردن"
"KZ","Kazakhstan","Kasakstan","كازاخستان"
"KE","Kenya","Kenia","كينيا"
"KI","Kiribati","Kiribati","كيريباتي"
"KW","Kuwait","Koeweit","الكويت"
"KG","Kyrgyzstan","Kirgisië","قرغيزستان"
"LA","Laos","Laos","لاوس"
"LV","Latvia","Letland","لاتفيا"
"LB","Lebanon","Libanon","لبنان"
"LS","Lesotho","Lesotho","ليسوتو"
"LR","Liberia","Liberië","ليبيريا"
"LY","Libya","Libië","ليبيا"
"LI","Liechtenstein","Liechtenstein","ليختنشتاين"
"LT","Lithuania","Litaue","ليتوانيا"
"LU","Luxembourg","Luxemburg","لوكسمبورغ"
"MO","Macau","Macau","مكاو"
"MK","Macedonia (FYROM)","Macedonië","مقدونيا"
"MG","Madagascar","Madagaskar","مدغشقر"
"MW","Malawi","Malawi","ملاوي"
"MY","Malaysia","Maleisië","ماليزيا"
"MV","Maldives","Maledive","جزر المالديف"
"ML","Mali","Mali","مالي"
"MT","Malta","Malta","مالطا"
"MH","Marshall Islands","Marshalleilande","جزر المارشال"
"MQ","Martinique","Martinique","مارتينيك"
"MR","Mauritania","Mauritanië","موريتانيا"
"MU","Mauritius","Mauritius","موريشيوس"
"YT","Mayotte","Mayotte","مايوت"
"MX","Mexico","Meksiko","المكسيك"
"FM","Micronesia","Mikronesië","ميكرونيزيا"
"MD","Moldova","Moldova","مولدافيا"
"MC","Monaco","Monaco","موناكو"
"MN","Mongolia","Mongolië","منغوليا"
"MS","Montserrat","Montserrat","مونتسرات"
"MA","Morocco","Marokko","المغرب"
"MZ","Mozambique","Mosambiek","موزمبيق"
"MM","Myanmar (Burma)","Mianmar","ميانمار -بورما"
"NA","Namibia","Namibië","ناميبيا"
"NR","Nauru","Nauru","ناورو"
"NP","Nepal","Nepal","نيبال"
"NL","Netherlands","Nederland","هولندا"
"NC","New Caledonia","Nieu-Kaledonië","كاليدونيا الجديدة"
"NZ","New Zealand","Nieu-Seeland","نيوزيلاندا"
"NI","Nicaragua","Nicaragua","نيكاراغوا"
"NE","Niger","Niger","النيجر"
"NG","Nigeria","Nigerië","نيجيريا"
"NU","Niue","Niue","نيوي"
"NF","Norfolk Island","Norfolkeiland","جزيرة نورفوك"
"KP","North Korea","Noord-Korea","كوريا الشمالية"
"MP","Northern Mariana Islands","Noordelike Mariana-eilande","جزر ماريانا الشمالية"
"NO","Norway","Noorweë","النرويج"
"OM","Oman","Oman","عُمان"
"PK","Pakistan","Pakistan","باكستان"
"PW","Palau","Palau","بالاو"
"PS","Palestine","Palestina","فلسطين"
"PA","Panama","Panama","بنما"
"PG","Papua New Guinea","Papoea-Nieu-Guinee","بابوا غينيا الجديدة"
"PY","Paraguay","Paraguay","باراغواي"
"PE","Peru","Peru","بيرو"
"PH","Philippines","Filippyne","الفلبين"
"PN","Pitcairn Islands","Pitcairneilande","جزر بيتكيرن"
"PL","Poland","Pole","بولندا"
"PT","Portugal","Portugal","البرتغال"
"PR","Puerto Rico","Puerto Rico","بورتوريكو"
"QA","Qatar","Katar","قطر"
"RE","Réunion","Réunion","روينيون"
"RO","Romania","Roemenië","رومانيا"
"RU","Russia","Rusland","روسيا"
"RW","Rwanda","Rwanda","رواندا"
"SH","Saint Helena","Sint Helena","سانت هيلنا"
"KN","Saint Kitts and Nevis","Sint Kitts en Nevis","سانت كيتس ونيفيس"
"LC","Saint Lucia","Sint Lucia","سانت لوسيا"
"PM","Saint Pierre and Miquelon","Sint Pierre en Miquelon","سانت بيير وميكولون"
"WS","Samoa","Samoa","ساموا"
"SM","San Marino","San Marino","سان مارينو"
"ST","São Tomé and Príncipe","Sao Tome en Principe","ساو تومي وبرينسيبي"
"SA","Saudi Arabia","Saoedi-Arabië","المملكة العربية السعودية"
"SN","Senegal","Senegal","السنغال"
"RS","Serbia","Serwië","صربيا"
"SC","Seychelles","Seychelle","سيشل"
"SL","Sierra Leone","Sierra Leone","سيراليون"
"SG","Singapore","Singapoer","سنغافورة"
"SK","Slovakia","Slowakye","سلوفاكيا"
"SI","Slovenia","Slowenië","سلوفينيا"
"SB","Solomon Islands","Solomoneilande","جزر سليمان"
"SO","Somalia","Somalië","الصومال"
"ZA","South Africa","Suid-Afrika","جنوب أفريقيا"
"GS","South Georgia & South Sandwich Islands","Suid-Georgië en die Suidelike Sandwicheilande","جورجيا الجنوبية وجزر ساندويتش الجنوبية"
"KR","South Korea","Suid-Korea","كوريا الجنوبية"
"ES","Spain","Spanje","إسبانيا"
"LK","Sri Lanka","Sri Lanka","سريلانكا"
"VC","St. Vincent & Grenadines","Sint Vincent en die Grenadine","سانت فنسنت وغرنادين"
"SD","Sudan","Soedan","السودان"
"SR","Suriname","Suriname","سورينام"
"SJ","Svalbard and Jan Mayen","Svalbard en Jan Mayen","سفالبارد وجان مايان"
"SZ","Swaziland","Swaziland","سوازيلاند"
"SE","Sweden","Swede","السويد"
"CH","Switzerland","Switserland","سويسرا"
"SY","Syria","Sirië","سوريا"
"TW","Taiwan","Taiwan","تايوان"
"TJ","Tajikistan","Tadjikistan","طاجكستان"
"TZ","Tanzania","Tanzanië","تانزانيا"
"TH","Thailand","Thailand","تايلاند"
"TG","Togo","Togo","توجو"
"TK","Tokelau","Tokelau","توكيلو"
"TO","Tonga","Tonga","تونغا"
"TT","Trinidad and Tobago","Trinidad en Tobago","ترينيداد وتوباغو"
"TN","Tunisia","Tunisië","تونس"
"TR","Turkey","Turkye","تركيا"
"TM","Turkmenistan","Turkmenië","تركمانستان"
"TC","Turks and Caicos Islands","Turks- en Caicoseilande","جزر الترك وجايكوس"
"TV","Tuvalu","Tuvalu","توفالو"
"UM","U.S. Outlying Islands","VS klein omliggende eilande","جزر الولايات المتحدة النائية"
"VI","U.S. Virgin Islands","Amerikaanse Maagde-eilande","جزر فرجين الأمريكية"
"UG","Uganda","Uganda","أوغندا"
"UA","Ukraine","Oekraïne","أوكرانيا"
"AE","United Arab Emirates","Verenigde Arabiese Emirate","الإمارات العربية المتحدة"
"GB","United Kingdom","Verenigde Koninkryk","المملكة المتحدة"
"US","United States","Verenigde State van Amerika","الولايات المتحدة"
"UY","Uruguay","Uruguay","أورغواي"
"UZ","Uzbekistan","Oesbekistan","أوزبكستان"
"VU","Vanuatu","Vanuatu","فانواتو"
"VA","Vatican City","Vatikaanstad","الفاتيكان"
"VE","Venezuela","Venezuela","فنزويلا"
"VN","Vietnam","Viëtnam","فيتنام"
"WF","Wallis and Futuna","Wallis en Futuna","جزر والس وفوتونا"
"EH","Western Sahara","Wes-Sahara","الصحراء الغربية"
"YE","Yemen","Jemen","اليمن"
"ZM","Zambia","Zambië","زامبيا"
"ZW","Zimbabwe","Zimbabwe","زيمبابوي"
